{
  "content": [
    {
      "id": 226437,
      "tags": []
    },
    {
      "id": 223314,
      "tags": []
    },
    {
      "id": 239127,
      "tags": [
        { "id": 234, "content": "Pré KPI's", "color": "orange", "smart": false }
      ]
    },
    {
      "id": 228108,
      "tags": []
    },
    {
      "id": 221507,
      "tags": [
        { "id": 206, "content": "Evasão", "color": "red", "smart": false }
      ]
    },
    {
      "id": 239118,
      "tags": [
        { "id": 234, "content": "Pré KPI's", "color": "orange", "smart": false }
      ]
    },
    {
      "id": 239098,
      "tags": [
        { "id": 234, "content": "Pré KPI's", "color": "orange", "smart": false }
      ]
    },
    {
      "id": 227000,
      "tags": [
        {
          "id": 194,
          "content": "Não aceitou participar do programa",
          "color": "gray",
          "smart": false
        }
      ]
    },
    {
      "id": 232942,
      "tags": []
    },
    {
      "id": 218592,
      "tags": [
        {
          "id": 171,
          "content": "Quimio externa",
          "color": "orange",
          "smart": false
        }
      ]
    },
    {
      "id": 239101,
      "tags": [
        { "id": 234, "content": "Pré KPI's", "color": "orange", "smart": false }
      ]
    },
    {
      "id": 219309,
      "tags": []
    },
    {
      "id": 227120,
      "tags": []
    },
    {
      "id": 226906,
      "tags": []
    },
    {
      "id": 239102,
      "tags": [
        { "id": 234, "content": "Pré KPI's", "color": "orange", "smart": false }
      ]
    },
    {
      "id": 239096,
      "tags": [
        { "id": 234, "content": "Pré KPI's", "color": "orange", "smart": false }
      ]
    },
    {
      "id": 239113,
      "tags": [
        { "id": 234, "content": "Pré KPI's", "color": "orange", "smart": false }
      ]
    },
    {
      "id": 239107,
      "tags": [
        { "id": 234, "content": "Pré KPI's", "color": "orange", "smart": false }
      ]
    },
    {
      "id": 239094,
      "tags": [
        { "id": 234, "content": "Pré KPI's", "color": "orange", "smart": false }
      ]
    },
    {
      "id": 239084,
      "tags": [
        { "id": 234, "content": "Pré KPI's", "color": "orange", "smart": false }
      ]
    },
    {
      "id": 229197,
      "tags": [
        {
          "id": 226,
          "content": "Não adesão estratégias Navegação",
          "color": "orange",
          "smart": false
        }
      ]
    },
    {
      "id": 218311,
      "tags": []
    },
    {
      "id": 239119,
      "tags": [
        { "id": 234, "content": "Pré KPI's", "color": "orange", "smart": false }
      ]
    },
    {
      "id": 239105,
      "tags": [
        { "id": 234, "content": "Pré KPI's", "color": "orange", "smart": false }
      ]
    },
    {
      "id": 226999,
      "tags": [
        { "id": 176, "content": "PICC", "color": "blue", "smart": false }
      ]
    },
    {
      "id": 257490,
      "tags": []
    },
    {
      "id": 239085,
      "tags": [
        { "id": 234, "content": "Pré KPI's", "color": "orange", "smart": false }
      ]
    },
    {
      "id": 238323,
      "tags": []
    },
    {
      "id": 227891,
      "tags": [
        {
          "id": 226,
          "content": "Não adesão estratégias Navegação",
          "color": "orange",
          "smart": false
        }
      ]
    },
    {
      "id": 239114,
      "tags": [
        { "id": 234, "content": "Pré KPI's", "color": "orange", "smart": false }
      ]
    },
    {
      "id": 239115,
      "tags": [
        { "id": 234, "content": "Pré KPI's", "color": "orange", "smart": false }
      ]
    },
    {
      "id": 217975,
      "tags": []
    },
    {
      "id": 239112,
      "tags": [
        { "id": 234, "content": "Pré KPI's", "color": "orange", "smart": false }
      ]
    },
    {
      "id": 239111,
      "tags": [
        { "id": 234, "content": "Pré KPI's", "color": "orange", "smart": false }
      ]
    },
    {
      "id": 239110,
      "tags": [
        { "id": 234, "content": "Pré KPI's", "color": "orange", "smart": false }
      ]
    },
    {
      "id": 239099,
      "tags": [
        { "id": 234, "content": "Pré KPI's", "color": "orange", "smart": false }
      ]
    },
    {
      "id": 239092,
      "tags": [
        { "id": 234, "content": "Pré KPI's", "color": "orange", "smart": false }
      ]
    },
    {
      "id": 239095,
      "tags": [
        { "id": 234, "content": "Pré KPI's", "color": "orange", "smart": false }
      ]
    },
    {
      "id": 224646,
      "tags": []
    },
    {
      "id": 239091,
      "tags": [
        { "id": 234, "content": "Pré KPI's", "color": "orange", "smart": false }
      ]
    },
    {
      "id": 221921,
      "tags": []
    },
    {
      "id": 219546,
      "tags": [
        { "id": 175, "content": "Port-a-cath", "color": "blue", "smart": false }
      ]
    },
    {
      "id": 218510,
      "tags": []
    },
    {
      "id": 239093,
      "tags": [
        { "id": 234, "content": "Pré KPI's", "color": "orange", "smart": false }
      ]
    },
    {
      "id": 219994,
      "tags": []
    },
    {
      "id": 229536,
      "tags": [
        {
          "id": 175,
          "content": "Port-a-cath",
          "color": "blue",
          "smart": false
        },
        {
          "id": 194,
          "content": "Não aceitou participar do programa",
          "color": "gray",
          "smart": false
        },
        { "id": 213, "content": "Crioterapia", "color": "blue", "smart": false }
      ]
    },
    {
      "id": 239120,
      "tags": [
        { "id": 234, "content": "Pré KPI's", "color": "orange", "smart": false }
      ]
    },
    {
      "id": 218314,
      "tags": []
    },
    {
      "id": 239089,
      "tags": [
        { "id": 234, "content": "Pré KPI's", "color": "orange", "smart": false }
      ]
    },
    {
      "id": 239117,
      "tags": [
        { "id": 234, "content": "Pré KPI's", "color": "orange", "smart": false }
      ]
    },
    {
      "id": 239090,
      "tags": [
        { "id": 234, "content": "Pré KPI's", "color": "orange", "smart": false }
      ]
    },
    {
      "id": 239108,
      "tags": [
        { "id": 234, "content": "Pré KPI's", "color": "orange", "smart": false }
      ]
    },
    {
      "id": 227751,
      "tags": []
    },
    {
      "id": 218313,
      "tags": []
    },
    {
      "id": 222495,
      "tags": [
        {
          "id": 86,
          "content": "Sem Critério",
          "color": "green",
          "smart": false
        }
      ]
    },
    {
      "id": 239083,
      "tags": [
        { "id": 234, "content": "Pré KPI's", "color": "orange", "smart": false }
      ]
    },
    {
      "id": 219446,
      "tags": [
        {
          "id": 171,
          "content": "Quimio externa",
          "color": "orange",
          "smart": false
        },
        {
          "id": 173,
          "content": "Cirurgia externa",
          "color": "orange",
          "smart": false
        }
      ]
    },
    {
      "id": 218301,
      "tags": [
        {
          "id": 171,
          "content": "Quimio externa",
          "color": "orange",
          "smart": false
        }
      ]
    },
    {
      "id": 232862,
      "tags": []
    },
    {
      "id": 229346,
      "tags": []
    },
    {
      "id": 226446,
      "tags": []
    },
    {
      "id": 239106,
      "tags": [
        { "id": 234, "content": "Pré KPI's", "color": "orange", "smart": false }
      ]
    },
    {
      "id": 238187,
      "tags": [
        {
          "id": 171,
          "content": "Quimio externa",
          "color": "orange",
          "smart": false
        }
      ]
    },
    {
      "id": 239100,
      "tags": [
        { "id": 234, "content": "Pré KPI's", "color": "orange", "smart": false }
      ]
    },
    {
      "id": 221467,
      "tags": []
    },
    {
      "id": 218312,
      "tags": [
        {
          "id": 86,
          "content": "Sem Critério",
          "color": "green",
          "smart": false
        }
      ]
    },
    {
      "id": 239103,
      "tags": [
        { "id": 234, "content": "Pré KPI's", "color": "orange", "smart": false }
      ]
    },
    {
      "id": 227211,
      "tags": [
        {
          "id": 171,
          "content": "Quimio externa",
          "color": "orange",
          "smart": false
        },
        {
          "id": 226,
          "content": "Não adesão estratégias Navegação",
          "color": "orange",
          "smart": false
        }
      ]
    },
    {
      "id": 224572,
      "tags": []
    }
  ]
}
