{"content":[{"id":226437,"fullName":"Wilde Pedro da Silva","birthDate":"1938-09-02","ownContactData":false,"phoneNumber":"+5551999633833","email":"janedornelles@terra.com.br","medicalRecordId":"9817011","since":"2024-08-20T13:04:56.436356Z","tags":[],"healthInsurances":[{"id":491,"name":"Cabergs","preferred":true,"insuranceIdNumber":"010342900226"}],"preferredInsurance":{"id":491,"name":"Cabergs","preferred":true,"insuranceIdNumber":"010342900226"},"contacts":[],"individualCarePlans":[{"id":24337,"patient":{"id":226437,"name":"Wilde Pedro da Silva"},"pathway":{"id":768,"name":"50. Follow up"},"pathwayStartDate":"2024-05-13","pathwayStartReason":{},"pathwayEndReason":{},"bodyPart":{"id":17,"name":"Pulmão"},"creationDate":"2024-09-24T18:38:28.672035Z"}]},{"id":223314,"fullName":"Rosalice Zanuz Boscaini","birthDate":"1966-11-02","ownContactData":false,"phoneNumber":"+5554999171080","email":"gui.boscaini@hotmail.com","medicalRecordId":"11414971","since":"2024-07-04T12:47:45.61717Z","tags":[],"healthInsurances":[{"id":490,"name":"Unimed","preferred":true,"insuranceIdNumber":"706904194402338"}],"preferredInsurance":{"id":490,"name":"Unimed","preferred":true,"insuranceIdNumber":"706904194402338"},"contacts":[],"individualCarePlans":[{"id":26051,"patient":{"id":223314,"name":"Rosalice Zanuz Boscaini"},"pathway":{"id":901,"name":"30.30. Quimioterapia - Uso contínuo via oral - avaliação a cada mês"},"pathwayStartDate":"2024-06-28","pathwayStartReason":{"id":30,"name":"Atualização da Linha de Cuidado"},"pathwayEndReason":{},"bodyPart":{"id":17,"name":"Pulmão"},"creationDate":"2024-10-29T19:09:25.450169Z"}]},{"id":239127,"fullName":"Odete Maria Borges da Silva","birthDate":"1960-04-08","ownContactData":false,"email":"","since":"2024-11-27T18:54:19.655637Z","tags":[{"id":234,"content":"Pré KPI's","color":"orange","smart":false}],"healthInsurances":[],"contacts":[],"individualCarePlans":[]},{"id":228108,"fullName":"Geneci dos Santos Lemos","biologicalSex":"female","birthDate":"1957-04-26","ownContactData":false,"phoneNumber":"+5551985008601","email":"","since":"2024-09-24T17:29:04.943706Z","tags":[],"healthInsurances":[],"contacts":[],"individualCarePlans":[{"id":24327,"patient":{"id":228108,"name":"Geneci dos Santos Lemos"},"pathway":{"id":768,"name":"50. Follow up"},"pathwayStartDate":"2024-06-13","pathwayStartReason":{},"pathwayEndReason":{},"bodyPart":{"id":17,"name":"Pulmão"},"creationDate":"2024-09-24T17:58:34.727085Z"}]},{"id":221507,"fullName":"Elca Zacarias Silveira","biologicalSex":"female","birthDate":"1940-05-03","ownContactData":false,"phoneNumber":"+5555994410240","email":"","medicalRecordId":"0011406673","since":"2024-05-16T19:33:29.941101Z","tags":[{"id":206,"content":"Evasão","color":"red","smart":false}],"healthInsurances":[{"id":492,"name":"IPE","preferred":true}],"preferredInsurance":{"id":492,"name":"IPE","preferred":true},"contacts":[],"individualCarePlans":[]},{"id":239118,"fullName":"Andrea Marina Lopes Correa","birthDate":"1947-09-14","ownContactData":false,"since":"2024-11-27T18:33:42.642553Z","tags":[{"id":234,"content":"Pré KPI's","color":"orange","smart":false}],"healthInsurances":[],"contacts":[],"individualCarePlans":[]},{"id":239098,"fullName":"Antonio Fausto Silveira","birthDate":"1937-12-01","ownContactData":false,"since":"2024-11-27T18:33:42.500614Z","tags":[{"id":234,"content":"Pré KPI's","color":"orange","smart":false}],"healthInsurances":[],"contacts":[],"individualCarePlans":[]},{"id":227000,"fullName":"Naile Russomano","biologicalSex":"female","birthDate":"1940-10-11","ownContactData":false,"phoneNumber":"+5551991166698","email":"","since":"2024-09-03T12:52:34.874096Z","tags":[{"id":194,"content":"Não aceitou participar do programa","color":"gray","smart":false}],"healthInsurances":[{"id":490,"name":"Unimed","preferred":true}],"preferredInsurance":{"id":490,"name":"Unimed","preferred":true},"contacts":[],"individualCarePlans":[]},{"id":232942,"fullName":"Carlos Kleber Castilho","biologicalSex":"male","birthDate":"1953-12-13","ownContactData":false,"phoneNumber":"+555199612469","email":"","medicalRecordId":"10969707","since":"2024-11-18T13:05:27.038887Z","tags":[],"healthInsurances":[],"contacts":[],"individualCarePlans":[{"id":26902,"patient":{"id":232942,"name":"Carlos Kleber Castilho"},"pathway":{"id":901,"name":"30.30. Quimioterapia - Uso contínuo via oral - avaliação a cada mês"},"pathwayStartDate":"2024-07-26","pathwayStartReason":{},"pathwayEndReason":{},"bodyPart":{"id":17,"name":"Pulmão"},"creationDate":"2024-11-18T17:40:25.361647Z"}]},{"id":218592,"fullName":"Luciana Pires Vale","biologicalSex":"female","birthDate":"1977-10-24","ownContactData":false,"phoneNumber":"+5551999475971","email":"","medicalRecordId":"10518096","since":"2024-03-20T17:01:16.996877Z","tags":[{"id":171,"content":"Quimio externa","color":"orange","smart":false}],"healthInsurances":[{"id":490,"name":"Unimed","preferred":true,"insuranceIdNumber":"10518096"}],"preferredInsurance":{"id":490,"name":"Unimed","preferred":true,"insuranceIdNumber":"10518096"},"contacts":[],"individualCarePlans":[{"id":24260,"patient":{"id":218592,"name":"Luciana Pires Vale"},"pathway":{"id":768,"name":"50. Follow up"},"pathwayStartDate":"2024-07-12","pathwayStartReason":{},"pathwayEndReason":{},"bodyPart":{"id":17,"name":"Pulmão"},"creationDate":"2024-09-19T16:32:08.87497Z"}]},{"id":239101,"fullName":"Lilia Vitoria da Silva","birthDate":"1956-01-19","ownContactData":false,"since":"2024-11-27T18:33:42.521728Z","tags":[{"id":234,"content":"Pré KPI's","color":"orange","smart":false}],"healthInsurances":[],"contacts":[],"individualCarePlans":[]},{"id":219309,"fullName":"Gladis Kier ","preferredName":"GLADIS","biologicalSex":"female","birthDate":"1943-01-04","deathDate":"2024-05-01","ownContactData":false,"phoneNumber":"+5551993516959","email":"gladiskier@terra.com.br","medicalRecordId":"1183719","since":"2024-04-04T18:03:13.663685Z","tags":[],"healthInsurances":[{"id":490,"name":"Unimed","preferred":true}],"preferredInsurance":{"id":490,"name":"Unimed","preferred":true},"contacts":[],"individualCarePlans":[]},{"id":227120,"fullName":"Elvio José Pires","biologicalSex":"male","birthDate":"1951-12-10","ownContactData":false,"phoneNumber":"+5551989100101","email":"elviojpires@yahoo.com.br","medicalRecordId":"11422591","since":"2024-09-04T13:32:56.364653Z","tags":[{"id":62,"content":"Evasão - Plano de Saúde","color":"red","smart":false}],"healthInsurances":[{"id":490,"name":"Unimed","preferred":true,"insuranceIdNumber":"00480400172237137"}],"preferredInsurance":{"id":490,"name":"Unimed","preferred":true,"insuranceIdNumber":"00480400172237137"},"contacts":[],"individualCarePlans":[]},{"id":226906,"fullName":"Elsor Antônio Bondan","biologicalSex":"male","birthDate":"1963-08-11","ownContactData":false,"phoneNumber":"+5551999667083","email":"ebondan@gmail.com","medicalRecordId":"9006134","since":"2024-08-29T14:51:42.333197Z","tags":[],"healthInsurances":[],"contacts":[],"individualCarePlans":[{"id":26046,"patient":{"id":226906,"name":"Elsor Antônio Bondan"},"pathway":{"id":899,"name":"30.21. Quimioterapia - Ciclo 21 dias"},"pathwayStartDate":"2024-10-29","pathwayStartReason":{"id":27,"name":"\tMudança de protocolo/progressão de doença. "},"pathwayEndReason":{},"pathwayStartReasonNotes":"Realizará no GHC","bodyPart":{"id":17,"name":"Pulmão"},"creationDate":"2024-10-29T18:44:53.177392Z"}]},{"id":239102,"fullName":"Antonio Carlos Canani","birthDate":"1938-08-02","ownContactData":false,"since":"2024-11-27T18:33:42.528654Z","tags":[{"id":234,"content":"Pré KPI's","color":"orange","smart":false}],"healthInsurances":[],"contacts":[],"individualCarePlans":[]},{"id":239096,"fullName":"Zilda Ortiz Brufatto","birthDate":"1943-11-10","ownContactData":false,"since":"2024-11-27T18:33:42.486375Z","tags":[{"id":234,"content":"Pré KPI's","color":"orange","smart":false}],"healthInsurances":[],"contacts":[],"individualCarePlans":[]},{"id":239113,"fullName":"João Paulo Abreu Lima da Rosa","birthDate":"1960-12-03","ownContactData":false,"since":"2024-11-27T18:33:42.606764Z","tags":[{"id":234,"content":"Pré KPI's","color":"orange","smart":false}],"healthInsurances":[],"contacts":[],"individualCarePlans":[]},{"id":239107,"fullName":"Hildara Rodrigues Niewinski","birthDate":"1947-02-01","ownContactData":false,"since":"2024-11-27T18:33:42.563785Z","tags":[{"id":234,"content":"Pré KPI's","color":"orange","smart":false}],"healthInsurances":[],"contacts":[],"individualCarePlans":[]},{"id":239094,"fullName":"Diva Regina Krug Fachin","birthDate":"1956-09-29","ownContactData":false,"since":"2024-11-27T18:33:42.473031Z","tags":[{"id":234,"content":"Pré KPI's","color":"orange","smart":false}],"healthInsurances":[],"contacts":[],"individualCarePlans":[]},{"id":239084,"fullName":"Maria Alda Cabral Severino da Silva","birthDate":"1952-11-21","ownContactData":false,"since":"2024-11-27T18:33:42.404832Z","tags":[{"id":234,"content":"Pré KPI's","color":"orange","smart":false}],"healthInsurances":[],"contacts":[],"individualCarePlans":[]},{"id":229197,"fullName":"Otocar Wondracek","biologicalSex":"male","birthDate":"1954-07-01","ownContactData":false,"phoneNumber":"+5551999093973","email":"","medicalRecordId":"10769475","since":"2024-10-18T14:19:59.716057Z","tags":[{"id":226,"content":"Não adesão estratégias Navegação","color":"orange","smart":false}],"healthInsurances":[],"contacts":[],"individualCarePlans":[{"id":25113,"patient":{"id":229197,"name":"Otocar Wondracek"},"pathway":{"id":742,"name":"00. Diagnóstico"},"pathwayStartDate":"2024-10-18","pathwayStartReason":{},"pathwayEndReason":{},"bodyPart":{},"creationDate":"2024-10-18T14:22:46.237079Z"},{"id":32227,"patient":{"id":229197,"name":"Otocar Wondracek"},"pathway":{"id":768,"name":"50. Follow up"},"pathwayStartDate":"2024-11-04","pathwayStartReason":{},"pathwayEndReason":{},"bodyPart":{"id":17,"name":"Pulmão"},"creationDate":"2024-11-26T14:22:36.282888Z"}]},{"id":218311,"fullName":"Isabel Cristina Azevedo Rigon","biologicalSex":"female","birthDate":"1970-01-29","ownContactData":false,"phoneNumber":"+5551994475379","email":"PAULOMDILL@GMAIL.COM","medicalRecordId":"1252756","since":"2024-03-13T19:35:46.207501Z","tags":[],"healthInsurances":[{"id":493,"name":"Bradesco","preferred":true}],"preferredInsurance":{"id":493,"name":"Bradesco","preferred":true},"contacts":[],"individualCarePlans":[{"id":26585,"patient":{"id":218311,"name":"Isabel Cristina Azevedo Rigon"},"pathway":{"id":901,"name":"30.30. Quimioterapia - Uso contínuo via oral - avaliação a cada mês"},"pathwayStartDate":"2024-02-05","pathwayStartReason":{},"pathwayEndReason":{},"bodyPart":{"id":17,"name":"Pulmão"},"creationDate":"2024-11-07T19:05:19.036096Z"}]},{"id":239119,"fullName":"Sonia Mello Bonetti","birthDate":"1954-10-09","ownContactData":false,"since":"2024-11-27T18:33:42.649559Z","tags":[{"id":234,"content":"Pré KPI's","color":"orange","smart":false}],"healthInsurances":[],"contacts":[],"individualCarePlans":[]},{"id":239105,"fullName":"Vitor Hugo Graeff Trindade","birthDate":"1951-10-05","ownContactData":false,"since":"2024-11-27T18:33:42.549448Z","tags":[{"id":234,"content":"Pré KPI's","color":"orange","smart":false}],"healthInsurances":[],"contacts":[],"individualCarePlans":[]},{"id":226999,"fullName":"Mariza D Agord Schaan","biologicalSex":"female","birthDate":"1960-08-28","ownContactData":false,"phoneNumber":"+5551999827525","email":"mzschaan@hotmail.com","medicalRecordId":"9126847","since":"2024-09-03T12:42:02.888055Z","tags":[{"id":176,"content":"PICC","color":"blue","smart":false}],"healthInsurances":[{"id":490,"name":"Unimed","preferred":true}],"preferredInsurance":{"id":490,"name":"Unimed","preferred":true},"contacts":[],"individualCarePlans":[{"id":26769,"patient":{"id":226999,"name":"Mariza D Agord Schaan"},"pathway":{"id":901,"name":"30.30. Quimioterapia - Uso contínuo via oral - avaliação a cada mês"},"pathwayStartDate":"2024-10-07","pathwayStartReason":{"id":30,"name":"Atualização da Linha de Cuidado"},"pathwayEndReason":{},"pathwayStartReasonNotes":"FoundationOne Cdx: fusão ALK-EML4 / TP53 195F / MS-estável / TMB 1 mut/mb","bodyPart":{"id":17,"name":"Pulmão"},"creationDate":"2024-11-12T18:57:48.828062Z"}]},{"id":257490,"fullName":"Bibiana Teste","biologicalSex":"female","birthDate":"1990-01-01","ownContactData":false,"phoneNumber":"+5551981161730","email":"","since":"2024-12-02T14:01:28.540863Z","tags":[],"healthInsurances":[],"contacts":[],"individualCarePlans":[]},{"id":239085,"fullName":"IVANETE BEATRIZ MACHADO","birthDate":"1950-05-29","ownContactData":false,"since":"2024-11-27T18:33:42.411544Z","tags":[{"id":234,"content":"Pré KPI's","color":"orange","smart":false}],"healthInsurances":[],"contacts":[],"individualCarePlans":[]},{"id":238323,"fullName":"Jose Luiz Pereira Quadrado","biologicalSex":"male","birthDate":"1957-03-22","ownContactData":false,"email":"","medicalRecordId":"10866589","since":"2024-11-27T15:13:03.788467Z","tags":[],"healthInsurances":[],"contacts":[],"individualCarePlans":[{"id":33106,"patient":{"id":238323,"name":"Jose Luiz Pereira Quadrado"},"pathway":{"id":899,"name":"30.21. Quimioterapia - Ciclo 21 dias"},"pathwayStartDate":"2024-11-05","pathwayStartReason":{},"pathwayEndReason":{},"bodyPart":{"id":17,"name":"Pulmão"},"creationDate":"2024-11-27T16:47:13.457979Z"}]},{"id":227891,"fullName":"João Carlos Butarelli","biologicalSex":"male","birthDate":"1943-03-17","ownContactData":false,"phoneNumber":"+5551999548888","email":"","medicalRecordId":"1032253","since":"2024-09-17T17:34:42.295622Z","tags":[{"id":226,"content":"Não adesão estratégias Navegação","color":"orange","smart":false}],"healthInsurances":[],"contacts":[],"individualCarePlans":[{"id":25060,"patient":{"id":227891,"name":"João Carlos Butarelli"},"pathway":{"id":753,"name":"10. Radioterapia"},"pathwayStartDate":"2024-10-16","pathwayStartReason":{},"pathwayEndReason":{},"bodyPart":{"id":17,"name":"Pulmão"},"creationDate":"2024-10-16T18:09:21.563429Z"}]},{"id":239114,"fullName":"Jose Carlos Carvalho de Freitas","preferredName":"Jose","birthDate":"1946-04-06","ownContactData":false,"since":"2024-11-27T18:33:42.614286Z","tags":[{"id":234,"content":"Pré KPI's","color":"orange","smart":false}],"healthInsurances":[],"contacts":[],"individualCarePlans":[]},{"id":239115,"fullName":"Joao Batista Fernandes da Silveira","birthDate":"1958-01-29","ownContactData":false,"since":"2024-11-27T18:33:42.621661Z","tags":[{"id":234,"content":"Pré KPI's","color":"orange","smart":false}],"healthInsurances":[],"contacts":[],"individualCarePlans":[]},{"id":217975,"fullName":"Danilo Juri Reston","biologicalSex":"male","birthDate":"1936-12-27","ownContactData":false,"phoneNumber":"+5551999877979","email":"dreston@dentalcore.com.br","medicalRecordId":"1287122","since":"2024-03-05T17:54:13.072084Z","tags":[],"healthInsurances":[],"contacts":[],"individualCarePlans":[{"id":24188,"patient":{"id":217975,"name":"Danilo Juri Reston"},"pathway":{"id":768,"name":"50. Follow up"},"pathwayStartDate":"2024-03-21","pathwayStartReason":{},"pathwayEndReason":{},"bodyPart":{"id":17,"name":"Pulmão"},"creationDate":"2024-09-17T15:07:07.353631Z"}]},{"id":239112,"fullName":"Jose Vanor da Silva Portin","preferredName":"Jose","birthDate":"1947-10-31","ownContactData":false,"since":"2024-11-27T18:33:42.599283Z","tags":[{"id":234,"content":"Pré KPI's","color":"orange","smart":false}],"healthInsurances":[],"contacts":[],"individualCarePlans":[]},{"id":239111,"fullName":"Roberto Cunha","birthDate":"1945-10-03","ownContactData":false,"since":"2024-11-27T18:33:42.591705Z","tags":[{"id":234,"content":"Pré KPI's","color":"orange","smart":false}],"healthInsurances":[],"contacts":[],"individualCarePlans":[]},{"id":239110,"fullName":"José Tavares de Sousa","birthDate":"1952-10-01","ownContactData":false,"since":"2024-11-27T18:33:42.584608Z","tags":[{"id":234,"content":"Pré KPI's","color":"orange","smart":false}],"healthInsurances":[],"contacts":[],"individualCarePlans":[]},{"id":239099,"fullName":"Ivo Carlos Saccaro","birthDate":"1957-05-21","ownContactData":false,"since":"2024-11-27T18:33:42.507606Z","tags":[{"id":234,"content":"Pré KPI's","color":"orange","smart":false}],"healthInsurances":[],"contacts":[],"individualCarePlans":[]},{"id":239092,"fullName":"Esther Lerrer","birthDate":"1937-02-26","ownContactData":false,"since":"2024-11-27T18:33:42.4597Z","tags":[{"id":234,"content":"Pré KPI's","color":"orange","smart":false}],"healthInsurances":[],"contacts":[],"individualCarePlans":[]},{"id":239095,"fullName":"Fernando Fernandes de Mello","birthDate":"1952-07-08","ownContactData":false,"since":"2024-11-27T18:33:42.479681Z","tags":[{"id":234,"content":"Pré KPI's","color":"orange","smart":false}],"healthInsurances":[],"contacts":[],"individualCarePlans":[]},{"id":224646,"fullName":"Elizabeth Pontes Riet Corrêa","biologicalSex":"female","birthDate":"1948-11-11","ownContactData":true,"phoneNumber":"+5551993692458","email":"bethblue@terra.com.br","medicalRecordId":"10602543","since":"2024-07-18T14:40:51.16093Z","tags":[],"healthInsurances":[{"id":493,"name":"Bradesco","preferred":true,"insuranceIdNumber":"205571101306003"}],"preferredInsurance":{"id":493,"name":"Bradesco","preferred":true,"insuranceIdNumber":"205571101306003"},"contacts":[],"individualCarePlans":[{"id":24413,"patient":{"id":224646,"name":"Elizabeth Pontes Riet Corrêa"},"pathway":{"id":768,"name":"50. Follow up"},"pathwayStartDate":"2024-06-25","pathwayStartReason":{},"pathwayEndReason":{},"bodyPart":{"id":17,"name":"Pulmão"},"creationDate":"2024-09-25T18:48:08.524406Z"}]},{"id":239091,"fullName":"Antonio Carlos Meirelles Medeiros","birthDate":"1955-09-07","ownContactData":false,"since":"2024-11-27T18:33:42.453063Z","tags":[{"id":234,"content":"Pré KPI's","color":"orange","smart":false}],"healthInsurances":[],"contacts":[],"individualCarePlans":[]},{"id":221921,"fullName":"ROSANE BEATRIZ LIMBERGER MORAES","preferredName":"Rosane","biologicalSex":"female","birthDate":"1951-11-05","ownContactData":false,"phoneNumber":"+5551999944889","email":"","medicalRecordId":"11414052","since":"2024-05-29T18:14:02.44293Z","tags":[],"healthInsurances":[{"id":490,"name":"Unimed","preferred":true}],"preferredInsurance":{"id":490,"name":"Unimed","preferred":true},"contacts":[],"individualCarePlans":[{"id":26508,"patient":{"id":221921,"name":"ROSANE BEATRIZ LIMBERGER MORAES"},"pathway":{"id":926,"name":"40.21. Imunoterapia - Ciclo 21 dias"},"pathwayStartDate":"2024-06-28","pathwayStartReason":{"id":30,"name":"Atualização da Linha de Cuidado"},"pathwayEndReason":{},"bodyPart":{"id":17,"name":"Pulmão"},"creationDate":"2024-11-06T15:25:30.81234Z"}]},{"id":219546,"fullName":"Clarinda de Lima Tykalowitz","biologicalSex":"female","birthDate":"1943-03-26","ownContactData":false,"phoneNumber":"+555130226842","email":"CLARINDATYKALOWITZ@GMAIL.COM","medicalRecordId":"9567041","since":"2024-04-10T20:56:37.410008Z","tags":[{"id":175,"content":"Port-a-cath","color":"blue","smart":false}],"healthInsurances":[{"id":490,"name":"Unimed","preferred":true,"insuranceIdNumber":"00482042525012637"}],"preferredInsurance":{"id":490,"name":"Unimed","preferred":true,"insuranceIdNumber":"00482042525012637"},"contacts":[],"individualCarePlans":[{"id":26970,"patient":{"id":219546,"name":"Clarinda de Lima Tykalowitz"},"pathway":{"id":899,"name":"30.21. Quimioterapia - Ciclo 21 dias"},"pathwayStartDate":"2024-12-02","pathwayStartReason":{"id":27,"name":"\tMudança de protocolo/progressão de doença. "},"pathwayEndReason":{},"bodyPart":{"id":17,"name":"Pulmão"},"creationDate":"2024-11-19T17:14:00.15483Z"}]},{"id":218510,"fullName":"Arnaldo Buede Sleimon","preferredName":"Arnaldo","biologicalSex":"male","birthDate":"1941-08-28","ownContactData":false,"phoneNumber":"+5551999695984","email":"absleimon@gmail.com","medicalRecordId":"1155037","since":"2024-03-19T16:23:34.736736Z","tags":[],"healthInsurances":[{"id":490,"name":"Unimed","preferred":true,"insuranceIdNumber":"00480700210009468"}],"preferredInsurance":{"id":490,"name":"Unimed","preferred":true,"insuranceIdNumber":"00480700210009468"},"contacts":[],"individualCarePlans":[{"id":25952,"patient":{"id":218510,"name":"Arnaldo Buede Sleimon"},"pathway":{"id":768,"name":"50. Follow up"},"pathwayStartDate":"2024-10-17","pathwayStartReason":{},"pathwayEndReason":{},"bodyPart":{"id":17,"name":"Pulmão"},"creationDate":"2024-10-28T19:28:51.999617Z"}]},{"id":239093,"fullName":"Audo Facin","birthDate":"1934-10-30","ownContactData":false,"since":"2024-11-27T18:33:42.466414Z","tags":[{"id":234,"content":"Pré KPI's","color":"orange","smart":false}],"healthInsurances":[],"contacts":[],"individualCarePlans":[]},{"id":219994,"fullName":"Paulo Sidiney Vieira Avancini","biologicalSex":"male","birthDate":"1947-10-13","ownContactData":false,"phoneNumber":"+5551992438247","email":"inicnava@hotmail.com","medicalRecordId":"11179025","since":"2024-04-16T19:27:58.170326Z","tags":[],"healthInsurances":[{"id":490,"name":"Unimed","preferred":true}],"preferredInsurance":{"id":490,"name":"Unimed","preferred":true},"contacts":[],"individualCarePlans":[{"id":26677,"patient":{"id":219994,"name":"Paulo Sidiney Vieira Avancini"},"pathway":{"id":900,"name":"30.28. Quimioterapia - Ciclo 28 dias"},"pathwayStartDate":"2024-11-14","pathwayStartReason":{"id":30,"name":"Atualização da Linha de Cuidado"},"pathwayEndReason":{},"bodyPart":{"id":17,"name":"Pulmão"},"creationDate":"2024-11-09T15:12:26.774148Z"}]},{"id":229536,"fullName":"Cerenita Ines Leonardi Urbanetto","biologicalSex":"female","birthDate":"1956-08-03","ownContactData":false,"phoneNumber":"+555555999554275","email":"","medicalRecordId":"11242694","since":"2024-10-23T17:40:58.186624Z","tags":[{"id":175,"content":"Port-a-cath","color":"blue","smart":false},{"id":213,"content":"Crioterapia","color":"blue","smart":false}],"healthInsurances":[],"contacts":[],"individualCarePlans":[{"id":25458,"patient":{"id":229536,"name":"Cerenita Ines Leonardi Urbanetto"},"pathway":{"id":899,"name":"30.21. Quimioterapia - Ciclo 21 dias"},"pathwayStartDate":"2024-10-22","pathwayStartReason":{},"pathwayEndReason":{},"bodyPart":{"id":17,"name":"Pulmão"},"creationDate":"2024-10-23T18:15:22.766464Z"}]},{"id":259526,"fullName":"Itamara Duarte Stockinger","biologicalSex":"female","birthDate":"1957-07-01","ownContactData":false,"phoneNumber":"+5551999855119","email":"ita.stockinger@gmail.com","medicalRecordId":"9822560","since":"2024-12-11T20:07:12.548133Z","tags":[],"healthInsurances":[{"id":494,"name":"Particular","preferred":true}],"preferredInsurance":{"id":494,"name":"Particular","preferred":true},"contacts":[],"individualCarePlans":[]},{"id":239120,"fullName":"Divania Pimpao Echeverria","birthDate":"1939-06-02","ownContactData":false,"since":"2024-11-27T18:33:42.657637Z","tags":[{"id":234,"content":"Pré KPI's","color":"orange","smart":false}],"healthInsurances":[],"contacts":[],"individualCarePlans":[]},{"id":218314,"fullName":"Aurea Terezinha Sandri","preferredName":"Aurea","biologicalSex":"female","birthDate":"1941-03-04","deathDate":"2024-08-25","ownContactData":false,"phoneNumber":"+5551999911918","email":"ATSANDRI@GMAIL.COM","medicalRecordId":"11103799","since":"2024-03-13T19:43:08.770226Z","tags":[],"healthInsurances":[{"id":492,"name":"IPE","preferred":true}],"preferredInsurance":{"id":492,"name":"IPE","preferred":true},"contacts":[],"individualCarePlans":[]},{"id":239089,"fullName":"Ervino Ivo Renner","birthDate":"1942-11-13","ownContactData":false,"since":"2024-11-27T18:33:42.439648Z","tags":[{"id":234,"content":"Pré KPI's","color":"orange","smart":false}],"healthInsurances":[],"contacts":[],"individualCarePlans":[]},{"id":239117,"fullName":"Maria Regina Loro Lopes","birthDate":"1957-06-01","ownContactData":false,"since":"2024-11-27T18:33:42.635552Z","tags":[{"id":234,"content":"Pré KPI's","color":"orange","smart":false}],"healthInsurances":[],"contacts":[],"individualCarePlans":[]},{"id":239090,"fullName":"Leonel Luiz Fabris","birthDate":"1930-07-10","ownContactData":false,"since":"2024-11-27T18:33:42.446239Z","tags":[{"id":234,"content":"Pré KPI's","color":"orange","smart":false}],"healthInsurances":[],"contacts":[],"individualCarePlans":[]},{"id":239108,"fullName":"Antonio Oliveira de Oliveira","birthDate":"1956-08-15","ownContactData":false,"since":"2024-11-27T18:33:42.570726Z","tags":[{"id":234,"content":"Pré KPI's","color":"orange","smart":false}],"healthInsurances":[],"contacts":[],"individualCarePlans":[]},{"id":227751,"fullName":"Miguel Igor Russowsky","preferredName":"Miguel","biologicalSex":"male","birthDate":"1957-08-31","ownContactData":false,"phoneNumber":"+5549999801543","email":"","medicalRecordId":"11366658","since":"2024-09-13T15:51:46.406507Z","tags":[],"healthInsurances":[{"id":493,"name":"Bradesco","preferred":true}],"preferredInsurance":{"id":493,"name":"Bradesco","preferred":true},"contacts":[],"individualCarePlans":[{"id":26863,"patient":{"id":227751,"name":"Miguel Igor Russowsky"},"pathway":{"id":753,"name":"10. Radioterapia"},"pathwayStartDate":"2024-12-02","pathwayStartReason":{},"pathwayEndReason":{},"bodyPart":{"id":17,"name":"Pulmão"},"creationDate":"2024-11-14T14:38:19.532799Z"}]},{"id":218313,"fullName":"Teresinha Joana Dossin","biologicalSex":"female","birthDate":"1948-10-02","ownContactData":false,"phoneNumber":"+5551991893124","email":"tejodossin@gmail.com","medicalRecordId":"9215502","since":"2024-03-13T19:40:18.760492Z","tags":[],"healthInsurances":[{"id":490,"name":"Unimed","preferred":true}],"preferredInsurance":{"id":490,"name":"Unimed","preferred":true},"contacts":[],"individualCarePlans":[{"id":26016,"patient":{"id":218313,"name":"Teresinha Joana Dossin"},"pathway":{"id":901,"name":"30.30. Quimioterapia - Uso contínuo via oral - avaliação a cada mês"},"pathwayStartDate":"2024-03-23","pathwayStartReason":{},"pathwayEndReason":{},"bodyPart":{"id":17,"name":"Pulmão"},"creationDate":"2024-10-29T14:09:10.804159Z"}]},{"id":222495,"fullName":"Melita Mocellin Zilio","biologicalSex":"female","birthDate":"1948-04-04","ownContactData":true,"phoneNumber":"+5551997338545","email":"rodrigozilio79@gmail.com","medicalRecordId":"9644249","since":"2024-06-14T14:15:26.8862Z","tags":[{"id":86,"content":"Sem Critério","color":"green","smart":false}],"healthInsurances":[{"id":490,"name":"Unimed","preferred":true,"insuranceIdNumber":"100204"}],"preferredInsurance":{"id":490,"name":"Unimed","preferred":true,"insuranceIdNumber":"100204"},"contacts":[],"individualCarePlans":[]},{"id":239083,"fullName":"Jose Augusto Raupp","birthDate":"1940-10-10","ownContactData":false,"since":"2024-11-27T18:33:42.396729Z","tags":[{"id":234,"content":"Pré KPI's","color":"orange","smart":false}],"healthInsurances":[],"contacts":[],"individualCarePlans":[]},{"id":219446,"fullName":"Vilson Jose Muller","biologicalSex":"male","birthDate":"1966-12-04","ownContactData":false,"phoneNumber":"+5551995131813","email":"vanessagmuller2468@gmail.com","medicalRecordId":"11406561","since":"2024-04-09T13:34:16.482477Z","tags":[{"id":171,"content":"Quimio externa","color":"orange","smart":false},{"id":173,"content":"Cirurgia externa","color":"orange","smart":false}],"healthInsurances":[{"id":490,"name":"Unimed","preferred":true,"insuranceIdNumber":"00470433001325009"}],"preferredInsurance":{"id":490,"name":"Unimed","preferred":true,"insuranceIdNumber":"00470433001325009"},"contacts":[],"individualCarePlans":[{"id":24102,"patient":{"id":219446,"name":"Vilson Jose Muller"},"pathway":{"id":767,"name":"20. Cirurgia"},"pathwayStartDate":"2024-09-17","pathwayStartReason":{},"pathwayEndReason":{},"bodyPart":{},"creationDate":"2024-09-12T17:24:09.181039Z"}]},{"id":218301,"fullName":"Cesar Laus Simas","biologicalSex":"male","birthDate":"1957-06-10","ownContactData":false,"phoneNumber":"+5548988232121","email":"cesar.laus.simas@gmail.com","medicalRecordId":"11388868","since":"2024-03-13T18:40:34.774081Z","tags":[{"id":171,"content":"Quimio externa","color":"orange","smart":false}],"healthInsurances":[{"id":490,"name":"Unimed","preferred":true}],"preferredInsurance":{"id":490,"name":"Unimed","preferred":true},"contacts":[],"individualCarePlans":[{"id":26675,"patient":{"id":218301,"name":"Cesar Laus Simas"},"pathway":{"id":969,"name":"40.60. Imunoterapia - Ciclo 06 semanas"},"pathwayStartDate":"2024-10-30","pathwayStartReason":{"id":30,"name":"Atualização da Linha de Cuidado"},"pathwayEndReason":{},"bodyPart":{"id":17,"name":"Pulmão"},"creationDate":"2024-11-09T12:17:41.970777Z"}]},{"id":232862,"fullName":"Ida Marilena Bianchi","biologicalSex":"female","birthDate":"1955-04-27","ownContactData":false,"phoneNumber":"+555199969121","email":"","medicalRecordId":"11432319","since":"2024-11-14T17:42:00.912497Z","tags":[],"healthInsurances":[],"contacts":[],"individualCarePlans":[{"id":51787,"patient":{"id":232862,"name":"Ida Marilena Bianchi"},"pathway":{"id":901,"name":"30.30. Quimioterapia - Uso contínuo via oral - avaliação a cada mês"},"pathwayStartDate":"2024-11-14","pathwayStartReason":{},"pathwayEndReason":{},"bodyPart":{"id":17,"name":"Pulmão"},"creationDate":"2024-12-03T14:36:46.658939Z"}]},{"id":229346,"fullName":"Alessandro Teste","biologicalSex":"male","birthDate":"1980-01-01","ownContactData":false,"phoneNumber":"+5532999992574","email":"","since":"2024-10-22T13:43:46.706278Z","tags":[],"healthInsurances":[],"contacts":[],"individualCarePlans":[{"id":52932,"patient":{"id":229346,"name":"Alessandro Teste"},"pathway":{"id":768,"name":"50. Follow up"},"pathwayStartDate":"2024-12-04","pathwayStartReason":{},"pathwayEndReason":{},"bodyPart":{"id":17,"name":"Pulmão"},"creationDate":"2024-12-04T17:10:57.253138Z"}]},{"id":226446,"fullName":"Norberto Wolff","biologicalSex":"male","birthDate":"1947-10-22","ownContactData":false,"phoneNumber":"+5551981263292","email":"norbertowolff@hotmail.com","medicalRecordId":"9414350","since":"2024-08-20T17:27:08.346621Z","tags":[],"healthInsurances":[{"id":490,"name":"Unimed","preferred":true,"insuranceIdNumber":"00482040873000359"}],"preferredInsurance":{"id":490,"name":"Unimed","preferred":true,"insuranceIdNumber":"00482040873000359"},"contacts":[],"individualCarePlans":[{"id":26974,"patient":{"id":226446,"name":"Norberto Wolff"},"pathway":{"id":768,"name":"50. Follow up"},"pathwayStartDate":"2024-10-18","pathwayStartReason":{},"pathwayEndReason":{},"bodyPart":{"id":17,"name":"Pulmão"},"creationDate":"2024-11-19T17:54:12.805769Z"}]},{"id":239106,"fullName":"Joao Carlos Johann","birthDate":"1951-10-05","ownContactData":false,"since":"2024-11-27T18:33:42.556542Z","tags":[{"id":234,"content":"Pré KPI's","color":"orange","smart":false}],"healthInsurances":[],"contacts":[],"individualCarePlans":[]},{"id":238187,"fullName":"Mario Rui Garcia de Almeida","biologicalSex":"male","birthDate":"1952-08-02","ownContactData":false,"phoneNumber":"+5551991224815","email":"","medicalRecordId":"1019508","since":"2024-11-26T18:34:52.944317Z","tags":[{"id":171,"content":"Quimio externa","color":"orange","smart":false}],"healthInsurances":[],"contacts":[],"individualCarePlans":[{"id":32372,"patient":{"id":238187,"name":"Mario Rui Garcia de Almeida"},"pathway":{"id":899,"name":"30.21. Quimioterapia - Ciclo 21 dias"},"pathwayStartDate":"2024-12-09","pathwayStartReason":{},"pathwayEndReason":{},"bodyPart":{"id":17,"name":"Pulmão"},"creationDate":"2024-11-27T14:57:36.856051Z"}]},{"id":239100,"fullName":"Regina Pereira Campello","birthDate":"1945-05-19","ownContactData":false,"since":"2024-11-27T18:33:42.514767Z","tags":[{"id":234,"content":"Pré KPI's","color":"orange","smart":false}],"healthInsurances":[],"contacts":[],"individualCarePlans":[]},{"id":221467,"fullName":"Daniel Sotres","preferredName":"Daniel","biologicalSex":"male","birthDate":"1953-06-17","deathDate":"2024-06-18","ownContactData":true,"phoneNumber":"+5551997278777","email":"reinaldo.sotres@gmail.com","medicalRecordId":"11411383","since":"2024-05-15T19:22:11.023842Z","tags":[],"healthInsurances":[{"id":490,"name":"Unimed","preferred":true,"insuranceIdNumber":"00482022845053410"}],"preferredInsurance":{"id":490,"name":"Unimed","preferred":true,"insuranceIdNumber":"00482022845053410"},"contacts":[],"individualCarePlans":[]},{"id":218312,"fullName":"Luiz Fernando Pinto da Fontoura","biologicalSex":"male","birthDate":"1954-11-09","ownContactData":false,"phoneNumber":"+5551999743368","email":"luiz@fontoura.com","medicalRecordId":"10646596","since":"2024-03-13T19:37:15.750373Z","tags":[{"id":86,"content":"Sem Critério","color":"green","smart":false}],"healthInsurances":[{"id":491,"name":"Cabergs","preferred":true}],"preferredInsurance":{"id":491,"name":"Cabergs","preferred":true},"contacts":[],"individualCarePlans":[]},{"id":257732,"fullName":"Pcte Teste 03/12","biologicalSex":"female","birthDate":"1956-04-28","ownContactData":false,"email":"","since":"2024-12-03T18:11:51.75119Z","tags":[],"healthInsurances":[],"contacts":[],"individualCarePlans":[{"id":51841,"patient":{"id":257732,"name":"Pcte Teste 03/12"},"pathway":{"id":899,"name":"30.21. Quimioterapia - Ciclo 21 dias"},"pathwayStartDate":"2024-12-03","pathwayStartReason":{},"pathwayEndReason":{},"bodyPart":{"id":17,"name":"Pulmão"},"creationDate":"2024-12-03T19:28:41.900758Z"}]},{"id":239103,"fullName":"Paulo Juliano Pilger","birthDate":"1962-06-02","ownContactData":false,"since":"2024-11-27T18:33:42.53554Z","tags":[{"id":234,"content":"Pré KPI's","color":"orange","smart":false}],"healthInsurances":[],"contacts":[],"individualCarePlans":[]},{"id":227211,"fullName":"Luiz Roberto Vargas Avila","preferredName":"Luiz","biologicalSex":"male","birthDate":"1948-03-01","deathDate":"2024-12-07","ownContactData":false,"phoneNumber":"+5555981270140","email":"luisrobertovargasavila@gmail.com","medicalRecordId":"11324009","since":"2024-09-04T19:45:50.443656Z","tags":[],"healthInsurances":[],"contacts":[],"individualCarePlans":[]},{"id":224572,"fullName":"Enestir Basso","biologicalSex":"male","birthDate":"1951-01-25","ownContactData":true,"phoneNumber":"+5547992206040","email":"carla.horn@hotmail.com","medicalRecordId":"10788774","since":"2024-07-17T12:58:53.699887Z","tags":[],"healthInsurances":[{"id":494,"name":"Particular","preferred":true}],"preferredInsurance":{"id":494,"name":"Particular","preferred":true},"contacts":[],"individualCarePlans":[{"id":24680,"patient":{"id":224572,"name":"Enestir Basso"},"pathway":{"id":768,"name":"50. Follow up"},"pathwayStartDate":"2024-08-08","pathwayStartReason":{},"pathwayEndReason":{},"bodyPart":{"id":17,"name":"Pulmão"},"creationDate":"2024-10-01T15:31:10.27782Z"}]}],"empty":false,"first":true,"last":true,"number":0,"numberOfElements":71,"size":9999,"totalPages":1,"totalElements":71,"pageable":{"pageNumber":0,"pageSize":9999,"sort":{"empty":true,"sorted":false,"unsorted":true},"offset":0,"paged":true,"unpaged":false},"sort":{"empty":true,"sorted":false,"unsorted":true}}